DateFull,Year,Month,Day,Artist,Mix,Path,Format
1993-11-06,1993,11,06,Paul Oakenfold,Paul Oakenfold,1993/1993-11-06 - EM - Paul Oakenfold.mp3,mp3
1994-12-11,1994,12,11,Massive Attack,Massive Attack,2018/2018-08-19 - Massive Attack - Essential Mix Classic (1994-12-11)/Bonus/1994-12-11 - Massive Attack - Essential Mix - 1st Broadcast intro outro.mp3,mp3
2009-11-28,2009,11,28,Hudson Mohawke,Hudson Mohawke,2009/2009-11-28 - EM - Hudson Mohawke (MP2)/2009-11-28 - EM - Hudson Mohawke.mp3,mp3
2009-12-28,2009,12,28,Switch and Diplo (Major Lazer) (2009-07-25 Re-run),Switch and Diplo (Major Lazer) (2009-07-25 Re-run),2009/2009-12-28 - CEM - Switch and Diplo (Major Lazer) (2009-07-25 Re-run) (MP2)/2009-12-28 - CEM - Switch and Diplo (Major Lazer) (2009-07-25 Re-run).mp3,mp3
2016-01-02,2016,01,02,Maribou State,Maribou State,2016/2016-01-02 - Maribou State - Essential Mix/2016-01-02 - Maribou State - Essential Mix.mp3,mp3
2016-01-09,2016,01,09,Denney,Denney,2016/2016-01-09 - Denney - Essential Mix/2016-01-09 - Denney - Essential Mix.mp3,mp3
2016-01-16,2016,01,16,Rockwell,Rockwell,2016/2016-01-16 - Rockwell - Essential Mix/2016-01-16 - Rockwell - Essential Mix.mp3,mp3
2016-01-23,2016,01,23,Pirupa,Pirupa,2016/2016-01-23 - Pirupa - Essential Mix/2016-01-23 - Pirupa - Essential Mix.mp3,mp3
2016-01-30,2016,01,30,Richie Hawtin,Richie Hawtin,2016/2016-01-30 - Richie Hawtin - Essential Mix/2016-01-30 - Richie Hawtin - Essential Mix.mp3,mp3
2016-02-06,2016,02,06,Stephan Bodzin,Stephan Bodzin,2016/2016-02-06 - Stephan Bodzin - Essential Mix/2016-02-06 - Stephan Bodzin - Essential Mix.mp3,mp3
2016-02-13,2016,02,13,Aly Fila,Aly Fila,2016/2016-02-13 - Aly _ Fila - Essential Mix/2016-02-13 - Aly _ Fila - Essential Mix.mp3,mp3
2016-02-20,2016,02,20,Midland,Midland,2016/2016-02-20 - Midland - Essential Mix/2016-02-20 - Midland - Essential Mix.mp3,mp3
2016-02-27,2016,02,27,Rodhad,Rodhad,2016/2016-02-27 - Rodhad - Essential Mix/2016-02-27 - Rodhad - Essential Mix.mp3,mp3
2016-03-05,2016,03,05,Bob Moses,Bob Moses,2016/2016-03-05 - Bob Moses - Essential Mix/2016-03-05 - Bob Moses - Essential Mix.mp3,mp3
2016-03-12,2016,03,12,Leon Vynehall,Leon Vynehall,2016/2016-03-12 - Leon Vynehall - Essential Mix/2016-03-12 - Leon Vynehall - Essential Mix.mp3,mp3
2016-03-19,2016,03,19,Axwell,Axwell,2016/2016-03-19 - Riva Starr _ Axwell - Essential Mix/2016-03-19 - 02 - Axwell - Essential Mix.mp3,mp3
2016-03-19,2016,03,19,Riva Starr,Riva Starr,2016/2016-03-19 - Riva Starr _ Axwell - Essential Mix/2016-03-19 - 01 - Riva Starr - Essential Mix.mp3,mp3
2016-03-26,2016,03,26,Baauer,Baauer,2016/2016-03-26 - Baauer - Essential Mix/2016-03-26 - Baauer - Essential Mix.mp3,mp3
2016-04-02,2016,04,02,Ame X Dixon,Ame X Dixon,2016/2016-04-02 - Ame X Dixon - Essential Mix/2016-04-02 - Ame X Dixon - Essential Mix.mp3,mp3
2016-04-09,2016,04,09,Pig _ Dan,Pig _ Dan,2016/2016-04-09 - Pig _ Dan - Essential Mix/2016-04-09 - Pig _ Dan - Essential Mix.mp3,mp3
2016-04-16,2016,04,16,Blondish,Blondish,2016/2016-04-16 - Blondish - Essential Mix/2016-04-16 - Blondish - Essential Mix.mp3,mp3
2016-04-23,2016,04,23,Audion,Audion,2016/2016-04-23 - Audion - Essential Mix/2016-04-23 - Audion - Essential Mix.mp3,mp3
2016-04-30,2016,04,30,Tom Trago,Tom Trago,2016/2016-04-30 - Tom Trago - Essential Mix/2016-04-30 - Tom Trago - Essential Mix.mp3,mp3
2016-05-07,2016,05,07,Moderat,Moderat,2016/2016-05-07 - Moderat - Essential Mix/2016-05-07 - Moderat - Essential Mix.mp3,mp3
2016-05-14,2016,05,14,Sante _ Sidney Charles,Sante _ Sidney Charles,2016/2016-05-14 - Sante _ Sidney Charles - Essential Mix/2016-05-14 - Sante _ Sidney Charles - Essential Mix.mp3,mp3
2016-05-21,2016,05,21,Fred V _ Grafix,Fred V _ Grafix,2016/2016-05-21 - Fred V _ Grafix - Essential Mix/2016-05-21 - Fred V _ Grafix - Essential Mix.mp3,mp3
2016-05-28,2016,05,28,Steve Lawler,Steve Lawler,2016/2016-05-28 - Steve Lawler - Essential Mix/2016-05-28 - Steve Lawler - Essential Mix.mp3,mp3
2016-06-04,2016,06,04,Audiojack,Audiojack,2016/2016-06-04 - Audiojack - Essential Mix/2016-06-04 - Audiojack - Essential Mix.mp3,mp3
2016-06-11,2016,06,11,Cassy,Cassy,2016/2016-06-11 - Cassy - Essential Mix/2016-06-11 - Cassy - Essential Mix.mp3,mp3
2016-06-18,2016,06,18,Jackmaster B2B Armand Van Helden at Parklife,Jackmaster B2B Armand Van Helden at Parklife,2016/2016-06-18 - Parklife - Essential Mix/2016-06-18 - Jackmaster B2B Armand Van Helden at Parklife - Essential Mix.mp3,mp3
2016-06-18,2016,06,18,The Chemical Brothers at Parklife,The Chemical Brothers at Parklife,2016/2016-06-18 - Parklife - Essential Mix/2016-06-18 - The Chemical Brothers at Parklife - Essential Mix.mp3,mp3
2016-06-25,2016,06,25,Annie Mac Live at Glastonbury,Annie Mac Live at Glastonbury,2016/2016-06-25 - Glastonbury - Essential Mix/2016-06-25 - 01 - Annie Mac Live at Glastonbury - Essential Mix.mp3,mp3
2016-06-25,2016,06,25,Four Tet Live at Glastonbury,Four Tet Live at Glastonbury,2016/2016-06-25 - Glastonbury - Essential Mix/2016-06-25 - 02 - Four Tet Live at Glastonbury - Essential Mix.mp3,mp3
2016-06-25,2016,06,25,Julio Bashmore Live at Glastonbury,Julio Bashmore Live at Glastonbury,2016/2016-06-25 - Glastonbury - Essential Mix/2016-06-25 - 04 - Julio Bashmore Live at Glastonbury - Essential Mix.mp3,mp3
2016-06-25,2016,06,25,Kowton Live at Glastonbury,Kowton Live at Glastonbury,2016/2016-06-25 - Glastonbury - Essential Mix/2016-06-25 - 03 - Kowton Live at Glastonbury - Essential Mix.mp3,mp3
2016-07-02,2016,07,02,DJ Shadow,DJ Shadow,2016/2016-07-02 - DJ Shadow - Essential Mix/2016-07-02 - DJ Shadow - Essential Mix.mp3,mp3
2016-07-09,2016,07,09,Oneman,Oneman,2016/2016-07-09 - Oneman - Essential Mix/2016-07-09 - Oneman - Essential Mix.mp3,mp3
2016-07-16,2016,07,16,Nora En Pure,Nora En Pure,2016/2016-07-16 - Nora En Pure - Essential Mix/2016-07-16 - Nora En Pure - Essential Mix.mp3,mp3
2016-07-23,2016,07,23,"Andrea Oliva Live at Ants, Ibiza","Andrea Oliva Live at Ants, Ibiza","2016/2016-07-23 - Andrea Oliva Live at Ants, Ibiza - Essential Mix/2016-07-23 - Andrea Oliva Live at Ants, Ibiza - Essential Mix.mp3",mp3
2016-07-30,2016,07,30,Solomun Live at Pacha,Solomun Live at Pacha,2016/2016-07-30 - Solomun Live at Pacha - Essential Mix/2016-07-30 - Solomun Live at Pacha - Essential Mix.mp3,mp3
2016-08-05,2016,08,05,Carl Cox Live at Space,Carl Cox Live at Space,2016/2016-08-05 - Carl Cox Live at Space - Essential Mix/2016-08-05 - Carl Cox Live at Space - Essential Mix.mp3,mp3
2016-08-06,2016,08,06,"Jamie Jones Live at Paradise, DC10","Jamie Jones Live at Paradise, DC10","2016/2016-08-06 - Jamie Jones _ Nathan Barato Live at Paradise, DC10 - Essential Mix/2016-08-06 - Jamie Jones Live at Paradise, DC10 - Essential Mix.mp3",mp3
2016-08-06,2016,08,06,"Nathan Barato Live at Paradise, DC10","Nathan Barato Live at Paradise, DC10","2016/2016-08-06 - Jamie Jones _ Nathan Barato Live at Paradise, DC10 - Essential Mix/2016-08-06 - Nathan Barato Live at Paradise, DC10 - Essential Mix.mp3",mp3
2016-08-13,2016,08,13,"Derrick Carter - Live at Space, Ibiza","Derrick Carter - Live at Space, Ibiza","2016/2016-08-13 - The Black Madonna, Derrick Carter _ Dusky Live at Space, Ibiza - Essential Mix/2016-08-13 - 02 - Derrick Carter - Live at Space, Ibiza - Essential Mix.mp3",mp3
2016-08-13,2016,08,13,"Dusky - Live at Space, Ibiza","Dusky - Live at Space, Ibiza","2016/2016-08-13 - The Black Madonna, Derrick Carter _ Dusky Live at Space, Ibiza - Essential Mix/2016-08-13 - 03 - Dusky - Live at Space, Ibiza - Essential Mix.mp3",mp3
2016-08-13,2016,08,13,"The Black Madonna - Live at Space, Ibiza - Essential Mix","The Black Madonna - Live at Space, Ibiza - Essential Mix","2016/2016-08-13 - The Black Madonna, Derrick Carter _ Dusky Live at Space, Ibiza - Essential Mix/2016-08-13 - 01 - The Black Madonna - Live at Space, Ibiza - Essential Mix.mp3",mp3
2016-08-20,2016,08,20,Sonny Fodera,Sonny Fodera,2016/2016-08-20 - Sonny Fodera - Essential Mix/2016-08-20 - Sonny Fodera - Essential Mix.mp3,mp3
2016-08-27,2016,08,27,The Avalanches,The Avalanches,2016/2016-08-27 - The Avalanches - Essential Mix/2016-08-27 - The Avalanches - Essential Mix.mp3,mp3
2016-09-03,2016,09,03,Chase _ Status - Live at Creamfields,Chase _ Status - Live at Creamfields,2016/2016-09-03 - Cirez D and Chase _ Status Live at Creamfields - Essential Mix/2016-09-03 - 02 - Chase _ Status - Essential Mix Live at Creamfields.mp3,mp3
2016-09-03,2016,09,03,Cirez D - Live at Creamfields,Cirez D - Live at Creamfields,2016/2016-09-03 - Cirez D and Chase _ Status Live at Creamfields - Essential Mix/2016-09-03 - 01 - Cirez D - Essential Mix Live at Creamfields.mp3,mp3
2016-09-10,2016,09,10,Mind Against,Mind Against,2016/2016-09-10 - Mind Against - Essential Mix/2016-09-10 - Mind Against - Essential Mix.mp3,mp3
2016-09-17,2016,09,17,Fatboy Slim Live at Bestival,Fatboy Slim Live at Bestival,2016/2016-09-17 - Fatboy Slim Live at Bestival - Essential Mix/2016-09-17 - Fatboy Slim Live at Bestival - Essential Mix.mp3,mp3
2016-09-24,2016,09,24,Darius Syrossian,Darius Syrossian,2016/2016-09-24 - Darius Syrossian - Essential Mix/2016-09-24 - Darius Syrossian - Essential Mix.mp3,mp3
2016-10-01,2016,10,01,Seth Troxler Live at Output,Seth Troxler Live at Output,2016/2016-10-01 - Seth Troxler Live at Output - Essential Mix/2016-10-01 - Seth Troxler Live at Output - Essential Mix.mp3,mp3
2016-10-08,2016,10,08,Bedouin,Bedouin,2016/2016-10-08 - Bedouin - Essential Mix/2016-10-08 - Bedouin - Essential Mix.mp3,mp3
2016-10-15,2016,10,15,Tchami,Tchami,2016/2016-10-15 - Tchami - Essential Mix/2016-10-15 - Tchami - Essential Mix.mp3,mp3
2016-10-22,2016,10,22,Delta Heavy,Delta Heavy,2016/2016-10-22 - Delta Heavy - Essential Mix/2016-10-22 - Delta Heavy - Essential Mix.mp3,mp3
2016-10-29,2016,10,29,Mano Le Tough,Mano Le Tough,2016/2016-10-29 - Mano Le Tough - Essential Mix/2016-10-29 - Mano Le Tough - Essential Mix.mp3,mp3
2016-11-05,2016,11,05,Recondite ,Recondite ,2016/2016-11-05 - Recondite - Essential Mix/2016-11-05 - Recondite  - Essential Mix.mp3,mp3
2016-11-12,2016,11,12,tINI ,tINI ,2016/2016-11-12 - tINI - Essential Mix/2016-11-12 - tINI  - Essential Mix.mp3,mp3
2016-11-19,2016,11,19,Enzo Siragusa ,Enzo Siragusa ,2016/2016-11-19 - Enzo Siragusa - Essential Mix/2016-11-19 - Enzo Siragusa  - Essential Mix.mp3,mp3
2016-11-26,2016,11,26,Dusky ,Dusky ,2016/2016-11-26 - Dusky  - Essential Mix/2016-11-26 - Dusky  - Essential Mix.mp3,mp3
2016-12-03,2016,12,03,DJ Zinc,DJ Zinc,2016/2016-12-03 - DJ Zinc - Essential Mix/2016-12-03 - DJ Zinc - Essential Mix.mp3,mp3
2016-12-10,2016,12,10,Ellen Allien,Ellen Allien,2016/2016-12-10 - Ellen Allien - Essential Mix/2016-12-10 - Ellen Allien - Essential Mix.mp3,mp3
2016-12-17,2016,12,17,Justice,Justice,2016/2016-12-17 - Justice - Essential Mix/2016-12-17 - Justice - Essential Mix.mp3,mp3
2016-12-24,2016,12,24,Midland,Midland,2016/2016-12-24 - Midland EMOTY - Essential Mix/2016-12-24 - Midland - Essential Mix.mp3,mp3
2017-01-07,2017,01,07,DJ Pierre,DJ Pierre,2017/2017-01-07 - DJ Pierre - Essential Mix/2017-01-07 - DJ Pierre - Essential Mix.mp3,mp3
2017-01-14,2017,01,14,Simian Mobile Disco,Simian Mobile Disco,2017/2017-01-14 - Simian Mobile Disco - Essential Mix/2017-01-14 - Simian Mobile Disco - Essential Mix.mp3,mp3
2017-01-21,2017,01,21,Disciples,Disciples,2017/2017-01-21 - Disciples - Essential Mix/2017-01-21 - Disciples - Essential Mix.mp3,mp3
2017-01-21,2017,01,21,Disciples,Disciples,2017/2017-01-21 - Disciples - Essential Mix/2017-01-21 - Disciples - Essential Mix(1).mp3,mp3
2017-01-28,2017,01,28,Pan-Pot,Pan-Pot,2017/2017-01-28 - Pan-Pot - Essential Mix/2017-01-28 - Pan-Pot - Essential Mix.mp3,mp3
2017-02-04,2017,02,04,Adriatique,Adriatique,2017/2017-02-04 - Adriatique - Essential Mix/2017-02-04 - Adriatique - Essential Mix.mp3,mp3
2017-02-11,2017,02,11,My Nu Leng,My Nu Leng,2017/2017-02-11 - My Nu Leng - Essential Mix/2017-02-11 - My Nu Leng - Essential Mix.mp3,mp3
2017-02-18,2017,02,18,Tube _ Berger,Tube _ Berger,2017/2017-02-18 - Tube _ Berger - Essential Mix/2017-02-18 - Tube _ Berger - Essential Mix.mp3,mp3
2017-02-25,2017,02,25,Helena Hauff,Helena Hauff,2017/2017-02-25 - Helena Hauff - Essential Mix/2017-02-25 - Helena Hauff - Essential Mix.mp3,mp3
2017-03-04,2017,03,04,Wilkinson,Wilkinson,2017/2017-03-04 - Wilkinson - Essential Mix/2017-03-04 - Wilkinson - Essential Mix.mp3,mp3
2017-03-11,2017,03,11,Gerd Janson,Gerd Janson,2017/2017-03-11 - Gerd Janson - Essential Mix/2017-03-11 - Gerd Janson - Essential Mix.mp3,mp3
2017-03-18,2017,03,18,Joe Goddard,Joe Goddard,2017/2017-03-18 - Joe Goddard - Essential Mix/2017-03-18 - Joe Goddard - Essential Mix.mp3,mp3
2017-03-25,2017,03,25,Better Lost Than Stupid,Better Lost Than Stupid,2017/2017-03-25 - Better Lost Than Stupid _ Joris Voorn - Essential Mix/2017-03-25 - 1 -Better Lost Than Stupid - Essential Mix.mp3,mp3
2017-03-25,2017,03,25,Joris Voorn,Joris Voorn,2017/2017-03-25 - Better Lost Than Stupid _ Joris Voorn - Essential Mix/2017-03-25 - 2 - Joris Voorn - Essential Mix.mp3,mp3
2017-04-01,2017,04,01,Monika Kruse,Monika Kruse,2017/2017-04-01 - Monika Kruse - Essential Mix/2017-04-01 - Monika Kruse - Essential Mix.mp3,mp3
2017-04-08,2017,04,08,Khan _ Neek,Khan _ Neek,2017/2017-04-08 - Khan _ Neek - Essential Mix/2017-04-08 - Khan _ Neek - Essential Mix.mp3,mp3
2017-04-15,2017,04,15,Don Diablo,Don Diablo,2017/2017-04-15 - Don Diablo - Essential Mix/2017-04-15 - Don Diablo - Essential Mix.mp3,mp3
2017-04-22,2017,04,22,Mark Knight,Mark Knight,2017/2017-04-22 - Mark Knight - Essential Mix/2017-04-22 - Mark Knight - Essential Mix.mp3,mp3
2017-04-29,2017,04,29,Hunee,Hunee,2017/2017-04-29 - Hunee - Essential Mix/2017-04-29 - Hunee - Essential Mix.mp3,mp3
2017-05-06,2017,05,06,Camo _ Krooked,Camo _ Krooked,2017/2017-05-06 - Camo _ Krooked - Essential Mix/2017-05-06 - Camo _ Krooked - Essential Mix.mp3,mp3
2017-05-13,2017,05,13,Ben Pearce,Ben Pearce,2017/2017-05-13 - Ben Pearce - Essential Mix/2017-05-13 - Ben Pearce - Essential Mix.mp3,mp3
2017-05-20,2017,05,20,Soulwax,Soulwax,2017/2017-05-20 - Soulwax - Essential Mix/2017-05-20 - Soulwax - Essential Mix.mp3,mp3
2017-05-27,2017,05,27,Floorplan,Floorplan,2017/2017-05-27 - Floorplan - Essential Mix/2017-05-27 - Floorplan - Essential Mix.mp3,mp3
2017-06-03,2017,06,03,Joseph Capriati,Joseph Capriati,2017/2017-06-03 - Joseph Capriati - Essential Mix/2017-06-03 - Joseph Capriati - Essential Mix.mp3,mp3
2017-06-10,2017,06,10,Solardo,Solardo,2017/2017-06-10 - Solardo - Essential Mix/2017-06-10 - Solardo - Essential Mix.mp3,mp3
2017-06-17,2017,06,17,Sir Spyro,Sir Spyro,2017/2017-06-17 - Sir Spyro - Essential Mix/2017-06-17 - Sir Spyro - Essential Mix.mp3,mp3
2017-06-24,2017,06,24,Jackmaster Live at Glastonbury,Jackmaster Live at Glastonbury,2017/2017-06-24 - Glastonbury _ EDC - Essential Mix/2017-06-24 - 03 - Jackmaster Live at Glastonbury - Essential Mix.mp3,mp3
2017-06-24,2017,06,24,John Digweed Live at EDC,John Digweed Live at EDC,2017/2017-06-24 - Glastonbury _ EDC - Essential Mix/2017-06-24 - 04 - John Digweed Live at EDC - Essential Mix.mp3,mp3
2017-06-24,2017,06,24,Lee Foss Live at EDC,Lee Foss Live at EDC,2017/2017-06-24 - Glastonbury _ EDC - Essential Mix/2017-06-24 - 05 - Lee Foss Live at EDC - Essential Mix.mp3,mp3
2017-06-24,2017,06,24,Peggy Gou Live at Glastonbury,Peggy Gou Live at Glastonbury,2017/2017-06-24 - Glastonbury _ EDC - Essential Mix/2017-06-24 - 02 - Peggy Gou Live at Glastonbury - Essential Mix.mp3,mp3
2017-06-24,2017,06,24,Richy Ahmed B2B Patrick Topping Live at Glastonbury,Richy Ahmed B2B Patrick Topping Live at Glastonbury,2017/2017-06-24 - Glastonbury _ EDC - Essential Mix/2017-06-24 - 01 - Richy Ahmed B2B Patrick Topping Live at Glastonbury - Essential Mix.mp3,mp3
2017-07-01,2017,07,01,Calibre,Calibre,2017/2017-07-01 - Calibre - Essential Mix/2017-07-01 - Calibre - Essential Mix.mp3,mp3
2017-07-08,2017,07,08,Mura Masa,Mura Masa,2017/2017-07-08 - Mura Masa - Essential Mix/2017-07-08 - Mura Masa - Essential Mix.mp3,mp3
2017-07-15,2017,07,15,Oliver Heldens Presents HI-LO,Oliver Heldens Presents HI-LO,2017/2017-07-15 - Oliver Heldens Presents HI-LO/2017-07-15 - Oliver Heldens Presents HI-LO - Essential Mix.mp3,mp3
2017-07-22,2017,07,22,Honey Dijon,Honey Dijon,2017/2017-07-22 - Honey Dijon - Essential Mix/2017-07-22 - Honey Dijon - Essential Mix.mp3,mp3
2017-07-29,2017,07,29,Nastia,Nastia,2017/2017-07-29 - Nastia - Essential Mix/2017-07-29 - Nastia - Essential Mix.mp3,mp3
2017-08-05,2017,08,05,"Black Madonna, Richie Hawtin and Solomun","Black Madonna, Richie Hawtin and Solomun","2017/2017-08-05 - Ibiza Rewind - Black Madonna, Richie Hawtin and Solomun - Essential Mix/2017-08-05 - Ibiza Rewind - Black Madonna, Richie Hawtin and Solomun - Essential Mix.mp3",mp3
2017-08-12,2017,08,12,"Above, Beyond",Above _ Beyond,"2017/2017-08-12 - Creamfields - Above _ Beyond, High Contrast _ Goldie - Essential Mix/2017-08-12 - 01 - Above _ Beyond - Essential Mix.mp3",mp3
2017-08-12,2017,08,12,Goldie - Essential Mix,Goldie - Essential Mix,"2017/2017-08-12 - Creamfields - Above _ Beyond, High Contrast _ Goldie - Essential Mix/2017-08-12 - 03 - Goldie - Essential Mix.mp3",mp3
2017-08-12,2017,08,12,High Contrast,High Contrast,"2017/2017-08-12 - Creamfields - Above _ Beyond, High Contrast _ Goldie - Essential Mix/2017-08-12 - 02 - High Contrast - Essential Mix.mp3",mp3
2017-08-19,2017,08,19,Maya Jane Coles,Maya Jane Coles,2017/2017-08-19 - Maya Jane Coles - Essential Mix/2017-08-19 - Maya Jane Coles - Essential Mix.mp3,mp3
2017-08-26,2017,08,26,TQD,TQD,2017/2017-08-26 - TQD - Essential Mix/2017-08-26 - TQD - Essential Mix.mp3,mp3
2017-09-02,2017,09,02,Franky Rizardo,Franky Rizardo,2017/2017-09-02 - Franky Rizardo - Essential Mix/2017-09-02 - Franky Rizardo - Essential Mix.mp3,mp3
2017-09-09,2017,09,09,Fatima Yamaha,Fatima Yamaha,2017/2017-09-09 - Fatima Yamaha - Essential Mix/2017-09-09 - Fatima Yamaha - Essential Mix.mp3,mp3
2017-09-16,2017,09,16,Rebekah,Rebekah,2017/2017-09-16 - Rebekah - Essential Mix/2017-09-16 - Rebekah - Essential Mix.mp3,mp3
2017-09-23,2017,09,23,Patrice Baumel,Patrice Baumel,2017/2017-09-23 - Patrice Baumel - Essential Mix/2017-09-23 - Patrice Baumel - Essential Mix.mp3,mp3
2017-09-30,2017,09,30,Henry Saiz,Henry Saiz,2017/2017-09-30 - Henry Saiz - Essential Mix/2017-09-30 - Henry Saiz - Essential Mix.mp3,mp3
2017-10-07,2017,10,07,Nina Kraviz,Nina Kraviz,2017/2017-10-07 - Nina Kraviz - Essential Mix/2017-10-07 - Nina Kraviz - Essential Mix.mp3,mp3
2017-10-14,2017,10,14,DJ Tennis,DJ Tennis,2017/2017-10-14 - DJ Tennis - Essential Mix/2017-10-14 - DJ Tennis - Essential Mix.mp3,mp3
2017-10-21,2017,10,21,Purple Disco Machine,Purple Disco Machine,2017/2017-10-21 - Purple Disco Machine - Essential Mix/2017-10-21 - Purple Disco Machine - Essential Mix.mp3,mp3
2017-10-28,2017,10,28,Henrik Schwarz,Henrik Schwarz,2017/2017-10-28 - Henrik Schwarz - Essential Mix/2017-10-28 - Henrik Schwarz - Essential Mix.mp3,mp3
2017-11-04,2017,11,04,Spectrasoul,Spectrasoul,2017/2017-11-04 - Spectrasoul - Essential Mix/2017-11-04 - Spectrasoul - Essential Mix.mp3,mp3
2017-11-11,2017,11,11,Nic Fanciulli,Nic Fanciulli,2017/2017-11-11 - Nic Fanciulli - Essential Mix/2017-11-11 - Nic Fanciulli - Essential Mix.mp3,mp3
2017-11-18,2017,11,18,DJ Craze,DJ Craze,2017/2017-11-18 - DJ Craze - Essential Mix/2017-11-18 - DJ Craze - Essential Mix.mp3,mp3
2017-11-25,2017,11,25,Bontan,Bontan,2017/2017-11-25 - Bontan - Essential Mix/2017-11-25 - Bontan - Essential Mix.mp3,mp3
2017-12-02,2017,12,02,Mall Grab,Mall Grab,2017/2017-12-02 - Mall Grab - Essential Mix/2017-12-02 - Mall Grab - Essential Mix.mp3,mp3
2017-12-09,2017,12,09,Bicep,Bicep,2017/2017-12-09 - Bicep - Essential Mix/2017-12-09 - Bicep - Essential Mix.mp3,mp3
2017-12-16,2017,12,16,Artwork,Artwork,2017/2017-12-16 - Artwork - Essential Mix/2017-12-16 - Artwork - Essential Mix.mp3,mp3
2017-12-23,2017,12,23,Horse Meat Disco,Horse Meat Disco,2017/2017-12-23 - Horse Meat Disco - Essential Mix/2017-12-23 - Horse Meat Disco - Essential Mix.mp3,mp3
2017-12-30,2017,12,30,Helena Hauff,Helena Hauff,2017/2017-12-30 - Helena Hauff - EMOTY/2017-12-30 - Helena Hauff - EMOTY.mp3,mp3
2018-01-06,2018,01,06,Carl Cox,Carl Cox,2018/2018-01-06 - Carl Cox - Essential Mix/2018-01-06 - Carl Cox - Essential Mix.mp3,mp3
2018-01-13,2018,01,13,Palms Trax,Palms Trax,2018/2018-01-13 - Palms Trax - Essential Mix/2018-01-13 - Palms Trax - Essential Mix.mp3,mp3
2018-01-20,2018,01,20,B.Traits,B.Traits,2018/2018-01-20 - B.Traits - Essential Mix/2018-01-20 - B.Traits - Essential Mix.mp3,mp3
2018-01-27,2018,01,27,Yotto,Yotto,2018/2018-01-27 - Yotto - Essential Mix/2018-01-27 - Yotto - Essential Mix.mp3,mp3
2018-02-03,2018,02,03,Lone,Lone,2018/2018-02-03 - Lone - Essential Mix/2018-02-03 - Lone - Essential Mix.mp3,mp3
2018-02-10,2018,02,10,Charlotte de Witte,Charlotte de Witte,2018/2018-02-10 - Charlotte de Witte - Essential Mix/2018-02-10 - Charlotte de Witte - Essential Mix.mp3,mp3
2018-02-17,2018,02,17,Len Faki,Len Faki,2018/2018-02-17 - Len Faki - Essential Mix/2018-02-17 - Len Faki - Essential Mix.mp3,mp3
2018-02-24,2018,02,24,Icarus,Icarus,2018/2018-02-24 - Icarus - Essential Mix/2018-02-24 - Icarus - Essential Mix.mp3,mp3
2018-03-03,2018,03,03,Daniel Avery,Daniel Avery,2018/2018-03-03 - Daniel Avery - Essential Mix/2018-03-03 - Daniel Avery - Essential Mix.mp3,mp3
2018-03-10,2018,03,10,Peggy Gou,Peggy Gou,2018/2018-03-10 - Peggy Gou - Essential Mix/2018-03-10 - Peggy Gou - Essential Mix.mp3,mp3
2018-03-17,2018,03,17,Four Tet,Four Tet,2018/2018-03-17 - Four Tet - Essential Mix/2018-03-17 - Four Tet - Essential Mix.mp3,mp3
2018-03-24,2018,03,24,The Black Madonna B2B Honey Dijon  - Essential Mix,The Black Madonna B2B Honey Dijon  - Essential Mix,2018/2018-03-24 - Miami Music Week - Essential Mix/2018-03-24 - 01 - The Black Madonna B2B Honey Dijon  - Essential Mix.mp3,mp3
2018-03-24,2018,03,24,The Martinez Brothers B2B Jospeh Capriati  - Essential Mix,The Martinez Brothers B2B Jospeh Capriati  - Essential Mix,2018/2018-03-24 - Miami Music Week - Essential Mix/2018-03-24 - 02 - The Martinez Brothers B2B Jospeh Capriati  - Essential Mix.mp3,mp3
2018-03-31,2018,03,31,Denis Sultra,Denis Sultra,2018/2018-03-31 - Denis Sultra - Essential Mix/2018-03-31 - Denis Sultra - Essential Mix.mp3,mp3
2018-04-07,2018,04,07,Dax J,Dax J,2018/2018-04-07 - Dax J - Essential Mix/2018-04-07 - Dax J - Essential Mix.mp3,mp3
2018-04-14,2018,04,14,Max Chapman,Max Chapman,2018/2018-04-14 - Max Chapman - Essential Mix/2018-04-14 - Max Chapman - Essential Mix.mp3,mp3
2018-04-21,2018,04,21,Lane 8,Lane 8,2018/2018-04-21 - Lane 8 - Essential Mix/2018-04-21 - Lane 8 - Essential Mix.mp3,mp3
2018-04-28,2018,04,28,Avicii,Avicii,2018/2018-04-28 - Avicii - Essential Mix/2018-04-28 - Avicii - Essential Mix.mp3,mp3
2018-05-05,2018,05,05,Ivy Lab,Ivy Lab,2018/2018-05-05 - Ivy Lab - Essential Mix/2018-05-05 - Ivy Lab - Essential Mix.mp3,mp3
2018-05-12,2018,05,12,Camelphat,Camelphat,2018/2018-05-12 - Camelphat - Essential Mix/2018-05-12 - Camelphat - Essential Mix.mp3,mp3
2018-05-19,2018,05,19,Blawan,Blawan,2018/2018-05-19 - Blawan - Essential Mix/2018-05-19 - Blawan - Essential Mix.mp3,mp3
2018-05-26,2018,05,26,PBR Streetgang,PBR Streetgang,2018/2018-05-26 - PBR Streetgang - Essential Mix/2018-05-26 - PBR Streetgang - Essential Mix.mp3,mp3
2018-06-02,2018,06,02,George Fitzgerald,George Fitzgerald,2018/2018-06-02 - George Fitzgerald - Essential Mix/2018-06-02 - George Fitzgerald - Essential Mix.mp3,mp3
2018-06-09,2018,06,09,Call Super,Call Super,2018/2018-06-09 - Call Super - Essential Mix/2018-06-09 - Call Super - Essential Mix.mp3,mp3
2018-06-16,2018,06,16,Trance Wax,Trance Wax,2018/2018-06-16 - Trance Wax - Essential Mix/2018-06-16 - Trance Wax - Essential Mix.mp3,mp3
2018-06-23,2018,06,23,Dense _ Pika,Dense _ Pika,2018/2018-06-23 - Dense _ Pika - Essential Mix/2018-06-23 - Dense _ Pika - Essential Mix.mp3,mp3
2018-06-30,2018,06,30,Josh Butler,Josh Butler,2018/2018-06-30 - Josh Butler - Essential Mix/2018-06-30 - Josh Butler - Essential Mix.mp3,mp3
2018-07-07,2018,07,07,Fort Romeau,Fort Romeau,2018/2018-07-07 - Fort Romeau - Essential Mix/2018-07-07 - Fort Romeau - Essential Mix.mp3,mp3
2018-07-14,2018,07,14,Vini Vici,Vini Vici,2018/2018-07-14 - Vini Vici - Essential Mix/2018-07-14 - Vini Vici - Essential Mix.mp3,mp3
2018-07-21,2018,07,21,Red Axes,Red Axes,2018/2018-07-21 - Red Axes - Essential Mix/2018-07-21 - Red Axes - Essential Mix.mp3,mp3
2018-07-28,2018,07,28,Eagles _ Butterflies,Eagles _ Butterflies,2018/2018-07-28 - Eagles _ Butterflies - Essential Mix/2018-07-28 - Eagles _ Butterflies - Essential Mix.mp3,mp3
2018-08-04,2018,08,04,Nightmares On Wax,Nightmares On Wax,2018/2018-08-04 - Nightmares On Wax - Essential Mix/2018-08-04 - Nightmares On Wax - Essential Mix.mp3,mp3
2018-08-11,2018,08,11,"Eli _ Fur  - Live at ANTS, Ibiza","Eli _ Fur  - Live at ANTS, Ibiza","2018/2018-08-11 - Steve Lawler b2b Nic Fanciulli and Eli _ Fur - Essential Mix/2018-08-11 - 02 - Eli _ Fur  - Live at ANTS, Ibiza - Essential Mix.mp3",mp3
2018-08-11,2018,08,11,"Steve Lawler b2b Nic Fanciulli  - Live at ANTS, Ibiza","Steve Lawler b2b Nic Fanciulli  - Live at ANTS, Ibiza","2018/2018-08-11 - Steve Lawler b2b Nic Fanciulli and Eli _ Fur - Essential Mix/2018-08-11 - 01 - Steve Lawler b2b Nic Fanciulli  - Live at ANTS, Ibiza - Essential Mix.mp3",mp3
2018-08-18,2018,08,18,Avalon Emerson,Avalon Emerson,2018/2018-08-18 - Avalon Emerson - Essential Mix/2018-08-18 - Avalon Emerson - Essential Mix(1).mp3,mp3
2018-08-18,2018,08,18,Avalon Emerson,Avalon Emerson,2018/2018-08-18 - Avalon Emerson - Essential Mix/2018-08-18 - Avalon Emerson - Essential Mix.mp3,mp3
2018-08-19,2018,08,19,Massive Attack,Massive Attack,2018/2018-08-19 - Massive Attack - Essential Mix Classic (1994-12-11)/2018-08-19 - Massive Attack - Essential Mix Classic (1994-12-11).mp3,mp3
2018-08-20,2018,08,20,Daft Punk,Daft Punk,2018/2018-08-20 - Daft Punk - Essential Mix Classic (1997-03-02)/2018-08-20 - Daft Punk - Essential Mix Classic (1997-03-02).mp3,mp3
2018-08-25,2018,08,25,La Fleur,La Fleur,2018/2018-08-25 - La Fleur - Essential Mix/2018-08-25 - La Fleur - Essential Mix.mp3,mp3
2018-09-01,2018,09,01,Danny Howard,Danny Howard,2018/2018-09-01 - Steve Angello _ Danny Howard Live at Creamfields - Essential Mix/2018-09-01 - 02 - Danny Howard - Essential Mix (2018-08-25).mp3,mp3
2018-09-01,2018,09,01,Steve Angello,Steve Angello,2018/2018-09-01 - Steve Angello _ Danny Howard Live at Creamfields - Essential Mix/2018-09-01 - 01 - Steve Angello - Essential Mix (2018-08-25).mp3,mp3
2018-09-08,2018,09,08,Jeremy Underground,Jeremy Underground,2018/2018-09-08 - Jeremy Underground - Essential Mix/2018-09-08 - Jeremy Underground - Essential Mix.mp3,mp3
2018-09-15,2018,09,15,Ricardo Villalobos,Ricardo Villalobos,2018/2018-09-15 - Ricardo Villalobos - Essential Mix/2018-09-15 - Ricardo Villalobos - Essential Mix.mp3,mp3
2018-09-22,2018,09,22,Tiga,Tiga,2018/2018-09-22 - Tiga - Essential Mix/2018-09-22 - Tiga - Essential Mix.mp3,mp3
2018-09-29,2018,09,29,HAAi,HAAi,2018/2018-09-29 - HAAi - Essential Mix/2018-09-29 - HAAi - Essential Mix.mp3,mp3
2018-10-06,2018,10,06,Subjective,Subjective,2018/2018-10-06 - Subjective - Essential Mix/2018-10-06 - Subjective - Essential Mix.mp3,mp3
2018-10-13,2018,10,13,Mariel Ito,Mariel Ito,2018/2018-10-13 - Mariel Ito - Essential Mix/2018-10-13 - Mariel Ito - Essential Mix.mp3,mp3
2018-10-20,2018,10,20,Eats Everything Live at WHP,Eats Everything Live at WHP,"2018/2018-10-20 - Pete Tong, The Martinez Brothers _ Eats Everything Live at WHP - Essential Mix/2018-10-20 - 03 - Eats Everything Live at WHP - Essential Mix.mp3",mp3
2018-10-20,2018,10,20,Pete Tong Live at WHP,Pete Tong Live at WHP,"2018/2018-10-20 - Pete Tong, The Martinez Brothers _ Eats Everything Live at WHP - Essential Mix/2018-10-20 - 01 - Pete Tong Live at WHP - Essential Mix.mp3",mp3
2018-10-20,2018,10,20,The Martinez Brothers Live at WHP - Essential Mix,The Martinez Brothers Live at WHP - Essential Mix,"2018/2018-10-20 - Pete Tong, The Martinez Brothers _ Eats Everything Live at WHP - Essential Mix/2018-10-20 - 02 - The Martinez Brothers Live at WHP - Essential Mix.mp3",mp3
2018-10-23,2018,10,23,Goldie,Goldie,2018/2018-10-23 - Goldie - Essential Mix (1996-04-28)/2018-10-23 - Goldie - Essential Mix (1996-04-28).mp3,mp3
2018-10-25,2018,10,25,Atoms For Peace,Atoms For Peace,2018/2018-10-25 - Atoms For Peace - Essential Mix (2013-03-09)/2018-10-25 - Atoms For Peace - Essential Mix (2013-03-09).mp3,mp3
2018-10-26,2018,10,26,Danny Howard,Danny Howard,2018/2018-10-26 - Essential Mix at 25/2018-10-26 - 00 - Essential Mix at 25 - Danny Howard _ Pete Tong EM at 25 Intro.mp3,mp3
2018-10-26,2018,10,26,Derrick Carter,Derrick Carter,2018/2018-10-26 - Essential Mix at 25/2018-10-26 - 06 - Essential Mix at 25 - Derrick Carter.mp3,mp3
2018-10-26,2018,10,26,Derrick May,Derrick May,2018/2018-10-26 - Essential Mix at 25/2018-10-26 - 04 - Essential Mix at 25 - Derrick May.mp3,mp3
2018-10-26,2018,10,26,Erol Alkan,Erol Alkan,2018/2018-10-26 - Essential Mix at 25/2018-10-26 - 11 - Essential Mix at 25 - Erol Alkan.mp3,mp3
2018-10-26,2018,10,26,Heidi,Heidi,2018/2018-10-26 - Essential Mix at 25/2018-10-26 - 07 - Essential Mix at 25 - Heidi.mp3,mp3
2018-10-26,2018,10,26,Krystal Klear,Krystal Klear,2018/2018-10-26 - Essential Mix at 25/2018-10-26 - 02 - Essential Mix at 25 - Krystal Klear.mp3,mp3
2018-10-26,2018,10,26,Nicole Moudaber,Nicole Moudaber,2018/2018-10-26 - Essential Mix at 25/2018-10-26 - 10 - Essential Mix at 25 - Nicole Moudaber.mp3,mp3
2018-10-26,2018,10,26,Patrick Topping,Patrick Topping,2018/2018-10-26 - Essential Mix at 25/2018-10-26 - 08 - Essential Mix at 25 - Patrick Topping.mp3,mp3
2018-10-26,2018,10,26,Paul Woolford,Paul Woolford,2018/2018-10-26 - Essential Mix at 25/2018-10-26 - 03 - Essential Mix at 25 - Paul Woolford.mp3,mp3
2018-10-26,2018,10,26,Shy FX,Shy FX,2018/2018-10-26 - Essential Mix at 25/2018-10-26 - 01 - Essential Mix at 25 - Shy FX.mp3,mp3
2018-10-26,2018,10,26,Skream,Skream,2018/2018-10-26 - Essential Mix at 25/2018-10-26 - 09 - Essential Mix at 25 - Skream.mp3,mp3
2018-10-26,2018,10,26,Slam,Slam,2018/2018-10-26 - Essential Mix at 25/2018-10-26 - 12 - Essential Mix at 25 - Slam.mp3,mp3
2018-10-26,2018,10,26,The Black Madonna,The Black Madonna,2018/2018-10-26 - Essential Mix at 25/2018-10-26 - 05 - Essential Mix at 25 - The Black Madonna.mp3,mp3
2018-10-27,2018,10,27,Paul Oakenfold,Paul Oakenfold,2018/2018-10-27 - Paul Oakenfold - Essential Mix/2018-10-27 - Paul Oakenfold - Essential Mix.mp3,mp3
2018-10-29,2018,10,29,Jeff Mills,Jeff Mills,2018/2018-10-29 - Jeff Mills - Essential Mix/2018-10-29 - Jeff Mills - Essential Mix (1998-06-07).mp3,mp3
2018-11-03,2018,11,03,Chase _ Status,Chase _ Status,2018/2018-11-03 - Chase _ Status - Essential Mix/2018-11-03 - Chase _ Status - Essential Mix.mp3,mp3
2018-11-10,2018,11,10,Friction,Friction,2018/2018-11-10 - Friction - Essential Mix/2018-11-10 - Friction - Essential Mix.mp3,mp3
2018-11-17,2018,11,17,Agoria,Agoria,2018/2018-11-17 - Agoria - Essential Mix/2018-11-17 - Agoria - Essential Mix.mp3,mp3
2018-11-24,2018,11,24,Mella Dee,Mella Dee,2018/2018-11-24 - Mella Dee - Essential Mix/2018-11-24 - Mella Dee - Essential Mix.mp3,mp3
2018-12-01,2018,12,01,Rufus Du Sol,Rufus Du Sol,2018/2018-12-01 - Rufus Du Sol - Essential Mix/2018-12-01 - Rufus Du Sol - Essential Mix.mp3,mp3
2018-12-08,2018,12,08,Shanti Celeste,Shanti Celeste,2018/2018-12-08 - Shanti Celeste - Essential Mix/2018-12-08 - Shanti Celeste - Essential Mix.mp3,mp3
2018-12-15,2018,12,15,Motor City Drum Ensemble,Motor City Drum Ensemble,2018/2018-12-15 - Motor City Drum Ensemble - Essential Mix/2018-12-15 - Motor City Drum Ensemble - Essential Mix.mp3,mp3
2018-12-22,2018,12,22,Kolsch,Kolsch,2018/2018-12-22 - Kolsch - Essential Mix/2018-12-22 - Kolsch - Essential Mix.mp3,mp3
2018-12-29,2018,12,29,HAAi,HAAi,2018/2018-12-29 - HAAi - EMOTY/2018-12-29 - HAAi - EMOTY.mp3,mp3
2019-01-05,2019,01,05,Simon Dunmore,Simon Dunmore,2019/2019-01-05 - Essential Mix - Simon Dunmore/2019-01-05 - Essential Mix - Simon Dunmore.mp3,mp3
2019-01-12,2019,01,12,Anna,Anna,2019/2019-01-12 - Essential Mix - Anna/2019-01-12 - Essential Mix - Anna.mp3,mp3
2019-01-19,2019,01,19,DJ Lag,DJ Lag,2019/2019-01-19 - Essential Mix - DJ Lag/2019-01-19 - Essential Mix - DJ Lag.mp3,mp3
2019-01-26,2019,01,26,DJ Deeon,DJ Deeon,2019/2019-01-26 - Essential Mix - DJ Deeon/2019-01-26 - Essential Mix - DJ Deeon.mp3,mp3
2019-02-02,2019,02,02,Mele,Mele,2019/2019-02-02 - Essential Mix - Mele/2019-02-02 - Essential Mix - Mele.mp3,mp3
2019-02-09,2019,02,09,Josey Rebelle,Josey Rebelle,2019/2019-02-09 - Essential Mix - Josey Rebelle/2019-02-09 - Essential Mix - Josey Rebelle.mp3,mp3
2019-02-16,2019,02,16,Illyus _ Barrientos,Illyus _ Barrientos,2019/2019-02-16 - Essential Mix - Illyus _ Barrientos/2019-02-16 - Essential Mix - Illyus _ Barrientos.mp3,mp3
2019-02-23,2019,02,23,Jayda G,Jayda G,2019/2019-02-23 - Essential Mix - Jayda G/2019-02-23 - Essential Mix - Jayda G.mp3,mp3
2019-03-02,2019,03,02,DJ Stingray,DJ Stingray,2019/2019-03-02 - Essential Mix - DJ Stingray/2019-03-02 - Essential Mix - DJ Stingray.mp3,mp3
2019-03-09,2019,03,09,Shlohmo,Shlohmo,2019/2019-03-09 - Essential Mix - Shlohmo/2019-03-09 - Essential Mix - Shlohmo.mp3,mp3
2019-03-16,2019,03,16,Lee Burridge,Lee Burridge,2019/2019-03-16 - Essential Mix - Lee Burridge/2019-03-16 - Essential Mix - Lee Burridge.mp3,mp3
2019-03-23,2019,03,23,Testpilot (deadmau5),Testpilot (deadmau5),2019/2019-03-23 - Essential Mix - Testpilot (deadmau5)/2019-03-23 - Essential Mix - Testpilot (deadmau5).mp3,mp3
2019-03-30,2019,03,30,Chris Liebing B2B Charlotte De Witte,Chris Liebing B2B Charlotte De Witte,2019/2019-03-30 - Essential Mix - Miami Music Week/2019-03-30 - Essential Mix - Miami Music Week - 01 - Chris Liebing B2B Charlotte De Witte.mp3,mp3
2019-03-30,2019,03,30,Themba B2B Mele,Themba B2B Mele,2019/2019-03-30 - Essential Mix - Miami Music Week/2019-03-30 - Essential Mix - Miami Music Week - 02 - Themba B2B Mele.mp3,mp3
2019-04-06,2019,04,06,Catz _N Dogz,Catz _N Dogz,2019/2019-04-06 - Essential Mix - Catz _N Dogz/2019-04-06 - Essential Mix - Catz _N Dogz.mp3,mp3
2019-04-13,2019,04,13,The Chemical Brothers,The Chemical Brothers,2019/2019-04-13 - Essential Mix - The Chemical Brothers/2019-04-13 - Essential Mix - The Chemical Brothers.mp3,mp3
2019-04-20,2019,04,20,Paula Temple,Paula Temple,2019/2019-04-20 - Essential Mix - Paula Temple/2019-04-20 - Essential Mix - Paula Temple.mp3,mp3
2019-04-27,2019,04,27,Kerri Chandler (Live at Maida Vale),Kerri Chandler (Live at Maida Vale),2019/2019-04-27 - Essential Mix - Kerri Chandler (Live at Maida Vale)/2019-04-27 - Essential Mix - Kerri Chandler (Live at Maida Vale).mp3,mp3
2019-05-04,2019,05,04,Ben Nicky,Ben Nicky,2019/2019-05-04 - Essential Mix - Ben Nicky/2019-05-04 - Essential Mix - Ben Nicky.mp3,mp3
2019-05-11,2019,05,11,Hot Since 82,Hot Since 82,2019/2019-05-11 - Essential Mix - Hot Since 82/2019-05-11 - Essential Mix - Hot Since 82.mp3,mp3
2019-05-18,2019,05,18,Lena Willikens,Lena Willikens,2019/2019-05-18 - Essential Mix - Lena Willikens/2019-05-18 - Essential Mix - Lena Willikens.mp3,mp3
2019-05-25,2019,05,25,Boris Brejcha,Boris Brejcha,2019/2019-05-25 - Essential Mix - Boris Brejcha/2019-05-25 - Essential Mix - Boris Brejcha.mp3,mp3
2019-06-01,2019,06,01,Andy C,Andy C,2019/2019-06-01 - Essential Mix - Andy C/2019-06-01 - Essential Mix - Andy C.mp3,mp3
2019-06-08,2019,06,08,Alesso,Alesso,2019/2019-06-08 - Essential Mix - Alesso/2019-06-08 - Essential Mix - Alesso.mp3,mp3
2019-06-15,2019,06,15,Harry Romero,Harry Romero,2019/2019-06-15 - Essential Mix - Harry Romero/2019-06-15 - Essential Mix - Harry Romero.mp3,mp3
2019-06-15,2019,06,15,KDA,KDA,2019/2019-06-22 - Essential Mix - KDA/2019-06-15 - Essential Mix - KDA.mp3,mp3
2019-06-29,2019,06,29,Glastonbury Rewind,Glastonbury Rewind,2019/2019-06-29 - Essential Mix - Glastonbury Rewind/2019-06-29 - Essential Mix - Glastonbury Rewind.mp3,mp3
2019-07-06,2019,07,06,Sama_,Sama_,2019/2019-07-06 - Essential Mix - Sama_/2019-07-06 - Essential Mix - Sama_.mp3,mp3
2019-07-13,2019,07,13,ARTBAT,ARTBAT,2019/2019-07-13 - Essential Mix - ARTBAT/2019-07-13 - Essential Mix - ARTBAT.mp3,mp3
2019-07-20,2019,07,20,Kasra,Kasra,2019/2019-07-20 - Essential Mix - Kasra/2019-07-20 - Essential Mix - Kasra.mp3,mp3
2019-07-27,2019,07,27,Cassius,Cassius,2019/2019-07-27 - Essential Mix - Cassius/2019-07-27 - Essential Mix - Cassius.mp3,mp3
2019-08-03,2019,08,03,Erick Morillo,"Erick Morillo, Live at Elrow, Amensia, Ibiza","2019/2019-08-03 - Essential Mix - Erick Morillo and De La Swing, Live at Elrow, Amensia, Ibiza/2019-08-03 - Essential Mix - 01 - Erick Morillo, Live at Elrow, Amensia, Ibiza.mp3",mp3
2019-08-03,2019,08,03,De La Swing,"De La Swing, Live at Elrow, Amensia, Ibiza","2019/2019-08-03 - Essential Mix - Erick Morillo and De La Swing, Live at Elrow, Amensia, Ibiza/2019-08-03 - Essential Mix - 02 - De La Swing, Live at Elrow, Amensia, Ibiza.mp3",mp3
2019-08-10,2019,08,10,Maya Jane Coles,"Maya Jane Coles - Live from ANTS, Ibiza","2019/2019-08-10 - Essential Mix - Maya Jane Coles and Andrea Oliva - Live from ANTS, Ibiza/2019-08-10 - Essential Mix - 01 - Maya Jane Coles - Live from ANTS, Ibiza.mp3",mp3
2019-08-10,2019,08,10,Andrea Oliva,"Andrea Oliva - Live from ANTS, Ibiza","2019/2019-08-10 - Essential Mix - Maya Jane Coles and Andrea Oliva - Live from ANTS, Ibiza/2019-08-10 - Essential Mix - 02 - Andrea Oliva - Live from ANTS, Ibiza.mp3",mp3
2019-08-17,2019,08,17,Holy Goof,Holy Goof,2019/2019-08-17 - Essential Mix - Holy Goof/2019-08-17 - Essential Mix - Holy Goof.mp3,mp3
2019-08-24,2019,08,24,Rezz,Rezz,2019/2019-08-24 - Essential Mix - Rezz/2019-08-24 - Essential Mix - Rezz.mp3,mp3
2019-08-31,2019,08,31,Adana Twins,Adana Twins,2019/2019-08-31 - Essential Mix - Adana Twins/2019-08-31 - Essential Mix - Adana Twins.mp3,mp3
2019-09-07,2019,09,07,Moxie,Moxie,2019/2019-09-07 - Essential Mix - Moxie/2019-09-07 - Essential Mix - Moxie.mp3,mp3
2019-09-14,2019,09,14,Paranoid London,Paranoid London,2019/2019-09-14 - Essential Mix - Paranoid London/2019-09-14 - Essential Mix - Paranoid London.mp3,mp3
2019-09-20,2019,09,20,Nicole Moudaber,Nicole Moudaber,2019/2019-09-20 - Essential Mix - Nicole Moudaber/2019-09-20 - Essential Mix - Nicole Moudaber.mp3,mp3
2019-09-27,2019,09,27,Sam Divine,Sam Divine,2019/2019-09-27 - Essential Mix - Sam Divine/2019-09-27 - Essential Mix - Sam Divine.mp3,mp3
2019-10-05,2019,10,05,DJ Seinfield,DJ Seinfield,2019/2019-10-05 - Essential Mix - DJ Seinfield/2019-10-05 - Essential Mix - DJ Seinfield.mp3,mp3
2019-10-12,2019,10,12,TNGHT,TNGHT,2019/2019-10-12 - Essential Mix - TNGHT/2019-10-12 - Essential Mix - TNGHT.mp3,mp3
2019-10-19,2019,10,19,Deborah De Luca,Deborah De Luca,2019/2019-10-19 - Essential Mix - Deborah De Luca/2019-10-19 - Essential Mix - Deborah De Luca.mp3,mp3
2019-10-26,2019,10,26,Dimension,Dimension,2019/2019-10-26 - Essential Mix - Dimension/2019-10-26 - Essential Mix - Dimension.mp3,mp3
2019-11-02,2019,11,02,Krystal Klear,Krystal Klear,2019/2019-11-02 - Essential Mix - Krystal Klear/2019-11-02 - Essential Mix - Krystal Klear.mp3,mp3
2019-11-09,2019,11,09,Cinthie,Cinthie,2019/2019-11-09 - Essential Mix - Cinthie/2019-11-09 - Essential Mix - Cinthie.mp3,mp3
2019-11-16,2019,11,16,Luke Slater,Luke Slater,2019/2019-11-16 - Essential Mix - Luke Slater/2019-11-16 - Essential Mix - Luke Slater.mp3,mp3
2019-11-23,2019,11,23,Danny Tenaglia,Danny Tenaglia,2019/2019-11-23 - Essential Mix - Danny Tenaglia/2019-11-23 - Essential Mix - Danny Tenaglia.mp3,mp3
2019-11-30,2019,11,30,Route 94,Route 94,2019/2019-11-30 - Essential Mix - Route 94/2019-11-30 - Essential Mix - Route 94.mp3,mp3
2019-12-07,2019,12,07,Courtesy,Courtesy,2019/2019-12-07 - Essential Mix - Courtesy/2019-12-07 - Essential Mix - Courtesy.mp3,mp3
2019-12-14,2019,12,14,Joris Voorn,Joris Voorn,2019/2019-12-14 - Essential Mix - Joris Voorn/2019-12-14 - Essential Mix - Joris Voorn.mp3,mp3
2019-12-21,2019,12,21,Josey Rebelle,Josey Rebelle,2019/2019-12-21 - Essential Mix - Josey Rebelle - EMOTY/2019-12-21 - Essential Mix - Josey Rebelle.mp3,mp3
2019-12-28,2019,12,28,Leftwing Kody,Leftwing Kody,2019/2019-12-28 - Essential Mix - Leftwing Kody/2019-12-28 - Essential Mix - Leftwing Kody.mp3,mp3
2020-01-04,2020,01,04,Skream,Skream,2020/2020-01-04 - Essential Mix - Skream/2020-01-04 - Essential Mix - Skream.mp3,mp3
2020-01-11,2020,01,11,Barely Legal,Barely Legal,2020/2020-01-11 - Essential Mix - Barely Legal/2020-01-11 - Essential Mix - Barely Legal.mp3,mp3
2020-01-18,2020,01,18,Archie Hamilton,Archie Hamilton,2020/2020-01-18 - Essential Mix - Archie Hamilton/2020-01-18 - Essential Mix - Archie Hamilton.mp3,mp3
2020-01-25,2020,01,25,Fisher,Fisher,2020/2020-01-25 - Essential Mix - Fisher/2020-01-25 - Essential Mix - Fisher.mp3,mp3
2020-02-01,2020,02,01,dBridge,dBridge,2020/2020-02-01 - Essential Mix - dBridge/2020-02-01 - Essential Mix - dBridge.mp3,mp3
2020-02-08,2020,02,08,Carista,Carista,2020/2020-02-08 - Essential Mix - Carista/2020-02-08 - Essential Mix - Carista.mp3,mp3
2020-02-15,2020,02,15,Claude VonStroke,Claude VonStroke,2020/2020-02-15 - Essential Mix - Claude VonStroke/2020-02-15 - Essential Mix - Claude VonStroke.mp3,mp3
2020-02-29,2020,02,29,Caribou,Caribou,2020/2020-02-29 - Essential Mix - Caribou/2020-02-29 - Essential Mix - Caribou.mp3,mp3
2020-03-07,2020,03,07,Bedouin,Bedouin,2020/2020-03-07 - Essential Mix - Bedouin/2020-03-07 - Essential Mix - Bedouin.mp3,mp3
2020-03-14,2020,03,14,Nocturnal Sunshine,Nocturnal Sunshine,2020/2020-03-14 - Essential Mix - Nocturnal Sunshine/2020-03-14 - Essential Mix - Nocturnal Sunshine.mp3,mp3
2020-03-21,2020,03,21,Chaos In The CBD,Chaos In The CBD,2020/2020-03-21 - Essential Mix - Chaos In The CBD/2020-03-21 - Essential Mix - Chaos In The CBD.mp3,mp3
2020-03-28,2020,03,28,Jamie Jones,Jamie Jones,2020/2020-03-28 - Essential Mix - Jamie Jones/2020-03-28 - Essential Mix - Jamie Jones.mp3,mp3
2020-04-04,2020,04,04,Amelie Lens,Amelie Lens,2020/2020-04-04 - Essential Mix - Amelie Lens/2020-04-04 - Essential Mix - Amelie Lens.mp3,mp3
2020-04-18,2020,04,18,Seb Wildblood,Seb Wildblood,2020/2020-04-18 - Essential Mix - Seb Wildblood/2020-04-18 - Essential Mix - Seb Wildblood.mp3,mp3
2020-04-26,2020,04,26,LTJ Bukem,LTJ Bukem,2020/2020-04-26 - Classic EM - LTJ Bukem - 1995-07-16/2020-04-26 - Classic EM - LTJ Bukem - 1995-07-16.mp3,mp3
2020-05-02,2020,05,02,Bjarki,Bjarki,2020/2020-05-02 - Essential Mix - Bjarki/2020-05-02 - Essential Mix - Bjarki.mp3,mp3
2020-05-09,2020,05,09,Duke Dumont,Duke Dumont,2020/2020-05-09 - Essential Mix - Duke Dumont/2020-05-09 - Essential Mix - Duke Dumont.mp3,mp3
2020-05-16,2020,05,16,Ryan Elliott,Ryan Elliott,2020/2020-05-16 - Essential Mix - Ryan Elliott/2020-05-16 - Essential Mix - Ryan Elliott.mp3,mp3
2020-05-30,2020,05,30,Paco Osuna,Paco Osuna,2020/2020-05-30 - Essential Mix - Paco Osuna/2020-05-30 - Essential Mix - Paco Osuna.mp3,mp3
2020-05-31,2020,05,31,Sasha,Sasha,2020/2020-05-31 - Classic EM - Sasha - 2005-05-22/2020-05-31 - Classic EM - Sasha - 2005-05-22.mp3,mp3
2020-06-13,2020,06,13,DJ BORING,DJ BORING,2020/2020-06-13 - Essential Mix - DJ BORING/2020-06-13 - Essential Mix - DJ BORING.mp3,mp3
2020-06-20,2020,06,20,Michael Bibi,Michael Bibi,2020/2020-06-20 - Essential Mix - Michael Bibi/2020-06-20 - Essential Mix - Michael Bibi.mp3,mp3
2020-07-11,2020,07,11,William Djoko,William Djoko,2020/2020-07-11 - Essential Mix - William Djoko/2020-07-11 - Essential Mix - William Djoko.mp3,mp3
2020-07-25,2020,07,25,Claptone,Claptone,2020/2020-07-25 - Essential Mix - Claptone/2020-07-25 - Essential Mix - Claptone.mp3,mp3
2020-08-08,2020,08,08,Low Steppa,Low Steppa,2020/2020-08-08 - Essential Mix - Low Steppa/2020-08-08 - Essential Mix - Low Steppa.mp3,mp3
2020-08-15,2020,08,15,object blue,object blue,2020/2020-08-15 - Essential Mix - object blue/2020-08-15 - Essential Mix - object blue.mp3,mp3
2020-08-22,2020,08,22,Reb_ke,Reb_ke,2020/2020-08-22 - Essential Mix - Reb_ke/2020-08-22 - Essential Mix - Reb_ke.mp3,mp3
2020-08-29,2020,08,29,Hybrid Minds,Hybrid Minds,2020/2020-08-29 - Essential Mix - Hybrid Minds/2020-08-29 - Essential Mix - Hybrid Minds.mp3,mp3
2020-09-05,2020,09,05,Studio Barnhus,Studio Barnhus,2020/2020-09-05 - Essential Mix - Studio Barnhus/2020-09-05 - Essential Mix - Studio Barnhus.mp3,mp3
2020-09-12,2020,09,12,Kevin Saunderson,Kevin Saunderson,2020/2020-09-12 - Essential Mix - Kevin Saunderson/2020-09-12 - Essential Mix - Kevin Saunderson.mp3,mp3
2020-09-19,2020,09,19,Keinemusik,Keinemusik,2020/2020-09-19 - Essential Mix - Keinemusik/2020-09-19 - Essential Mix - Keinemusik.mp3,mp3
2020-09-26,2020,09,26,Jessy Lanza,Jessy Lanza,2020/2020-09-26 - Essential Mix - Jessy Lanza/2020-09-26 - Essential Mix - Jessy Lanza.mp3,mp3
2020-10-03,2020,10,03,Mathame,Mathame,2020/2020-10-03 - Essential Mix - Mathame/2020-10-03 - Essential Mix - Mathame.mp3,mp3
2020-10-10,2020,10,10,Sub Focus _ Wilkinson,Sub Focus _ Wilkinson,2020/2020-10-10 - Essential Mix - Sub Focus _ Wilkinson/2020-10-10 - Essential Mix - Sub Focus _ Wilkinson.mp3,mp3
2020-10-24,2020,10,24,Bradley Zero,Bradley Zero,2020/2020-10-24 - Essential Mix - Bradley Zero/2020-10-24 - Essential Mix - Bradley Zero.mp3,mp3
2020-10-31,2020,10,31,CamelPhat,CamelPhat,2020/2020-10-31 - Essential Mix - CamelPhat/2020-10-31 - Essential Mix - CamelPhat.mp3,mp3
2020-11-07,2020,11,07,Orla,Orla,2020/2020-11-07 - Essential Mix - Orla/2020-11-07 - Essential Mix - Orla.mp3,mp3
2020-11-14,2020,11,14,Sherelle,Sherelle,2020/2020-11-14 - Essential Mix - Sherelle/2020-11-14 - Essential Mix - Sherelle.mp3,mp3
2020-11-21,2020,11,21,Hannah Wants,Hannah Wants,2020/2020-11-21 - Essential Mix - Hannah Wants/2020-11-21 - Essential Mix - Hannah Wants.mp3,mp3
2020-11-28,2020,11,28,Doc Scott,Doc Scott,2020/2020-11-28 - Essential Mix - Doc Scott/2020-11-28 - Essential Mix - Doc Scott.mp3,mp3
2020-12-05,2020,12,05,Nicola Cruz,Nicola Cruz,2020/2020-12-05 - Essential Mix - Nicola Cruz/2020-12-05 - Essential Mix - Nicola Cruz.mp3,mp3
2020-12-12,2020,12,12,Duck Sauce,Duck Sauce,2020/2020-12-12 - Essential Mix - Duck Sauce/2020-12-12 - Essential Mix - Duck Sauce.mp3,mp3
2020-12-19,2020,12,19,Franky Wah,Franky Wah,2020/2020-12-19 - Essential Mix - Franky Wah/2020-12-19 - Essential Mix - Franky Wah.mp3,mp3
2021-01-02,2021,01,02,AceMoMA,AceMoMA,2021/2021-01-02 - Essential Mix - AceMoMA/2021-01-02 - Essential Mix - AceMoMA.mp3,mp3
2021-01-09,2021,01,09,TSHA,TSHA,2021/2021-01-09 - Essential Mix - TSHA/2021-01-09 - Essential Mix - TSHA.mp3,mp3
2021-01-16,2021,01,16,Cristoph,Cristoph,2021/2021-01-16 - Essential Mix - Cristoph/2021-01-16 - Essential Mix - Cristoph.mp3,mp3
2021-01-23,2021,01,23,Vintage Culture,Vintage Culture,2021/2021-01-23 - Essential Mix - Vintage Culture/2021-01-23 - Essential Mix - Vintage Culture.mp3,mp3
2021-01-30,2021,01,30,Sven Vath,Sven Vath,2021/2021-01-30 - Essential Mix - Sven Vath/2021-01-30 - Essential Mix - Sven Vath.mp3,mp3
2021-01-30,2021,01,30,Sven Vath,Sven Vath,2021/2021-01-30 - Essential Mix - Sven Vath/2021-01-30 - Essential Mix - Sven Vath(1).mp3,mp3
2021-02-06,2021,02,06,Ikonika,Ikonika,2021/2021-02-06 - Essential Mix - Ikonika/2021-02-06 - Essential Mix - Ikonika.mp3,mp3
2021-02-13,2021,02,13,Kelly Lee Owens,Kelly Lee Owens,2021/2021-02-13 - Essential Mix - Kelly Lee Owens/2021-02-13 - Essential Mix - Kelly Lee Owens.mp3,mp3
2021-02-20,2021,02,20,SG Lewis,SG Lewis,2021/2021-02-20 - Essential Mix - SG Lewis/2021-02-20 - Essential Mix - SG Lewis.mp3,mp3
2021-02-27,2021,02,27,Spencer Parker,Spencer Parker,2021/2021-02-27 - Essential Mix - Spencer Parker/2021-02-27 - Essential Mix - Spencer Parker.mp3,mp3
2021-03-06,2021,03,06,Silk City,Silk City,2021/2021-03-06 - Essential Mix - Silk City/2021-03-06 - Essential Mix - Silk City.mp3,mp3
2021-03-13,2021,03,13,Luke Vibert,Luke Vibert,2021/2021-03-13 - Essential Mix - Luke Vibert/2021-03-13 - Essential Mix - Luke Vibert.mp3,mp3
2021-03-20,2021,03,20,Oneohtrix Point Never,Oneohtrix Point Never,2021/2021-03-20 - Essential Mix - Oneohtrix Point Never/2021-03-20 - Essential Mix - Oneohtrix Point Never.mp3,mp3
2021-03-27,2021,03,27,Logic1000,Logic1000,2021/2021-03-27 - Essential Mix - Logic1000/2021-03-27 - Essential Mix - Logic1000.mp3,mp3
2021-04-03,2021,04,03,Bronson,Bronson,2021/2021-04-03 - Essential Mix - Bronson/2021-04-03 - Essential Mix - Bronson.mp3,mp3
2021-04-16,2021,04,16,Ida Engberg,Ida Engberg,2021/2021-04-16 - Essential Mix - Ida Engberg/2021-04-16 - Essential Mix - Ida Engberg.mp3,mp3
2021-04-24,2021,04,24,Jamz Supernova,Jamz Supernova,2021/2021-04-24 - Essential Mix - Jamz Supernova/2021-04-24 - Essential Mix - Jamz Supernova.mp3,mp3
2021-05-01,2021,05,01,Batu,Batu,2021/2021-05-01 - Essential Mix - Batu/2021-05-01 - Essential Mix - Batu.mp3,mp3
2021-05-08,2021,05,08,Mind Against,Mind Against,2021/2021-05-08 - Essential Mix - Mind Against/2021-05-08 - Essential Mix - Mind Against.mp3,mp3
2021-05-15,2021,05,15,Skee Mask,Skee Mask,2021/2021-05-15 - Essential Mix - Skee Mask/2021-05-15 - Essential Mix - Skee Mask.mp3,mp3
2021-05-22,2021,05,22,Nathan Micay,Nathan Micay,2021/2021-05-22 - Essential Mix - Nathan Micay/2021-05-22 - Essential Mix - Nathan Micay.mp3,mp3
2021-05-29,2021,05,29,House Gospel Choir with Harrsn,House Gospel Choir with Harrsn,2021/2021-05-29 - Essential Mix - House Gospel Choir _ Friends/2021-05-29 - EM - 1 - House Gospel Choir with Harrsn.mp3,mp3
2021-05-29,2021,05,29,House Gospel Choir,House Gospel Choir with Adelphi Music Factory,2021/2021-05-29 - Essential Mix - House Gospel Choir _ Friends/2021-05-29 - EM - 2 - House Gospel Choir with Adelphi Music Factory.mp3,mp3
2021-05-29,2021,05,29,House Gospel Choir with Themba,House Gospel Choir with Themba,2021/2021-05-29 - Essential Mix - House Gospel Choir _ Friends/2021-05-29 - EM - 3 - House Gospel Choir with Themba.mp3,mp3
2021-05-29,2021,05,29,House Gospel Choir with Toddy Terry,House Gospel Choir with Toddy Terry,2021/2021-05-29 - Essential Mix - House Gospel Choir _ Friends/2021-05-29 - EM - 4 - House Gospel Choir with Toddy Terry.mp3,mp3
2021-05-29,2021,05,29,House Gospel Choir with DJ Spen,House Gospel Choir with DJ Spen,2021/2021-05-29 - Essential Mix - House Gospel Choir _ Friends/2021-05-29 - EM - 5 - House Gospel Choir with DJ Spen.mp3,mp3
2021-05-29,2021,05,29,House Gospel Choir with Harrsn,House Gospel Choir with Harrsn,2021/2021-05-29 - Essential Mix - House Gospel Choir _ Friends/2021-05-29 - EM - 6 - House Gospel Choir with Harrsn.mp3,mp3
2021-06-05,2021,06,05,Enrico Sangiuliano,Enrico Sangiuliano,2021/2021-06-05 - Essential Mix - Enrico Sangiuliano/2021-06-05 - Essential Mix - Enrico Sangiuliano.mp3,mp3
2021-06-12,2021,06,12,London Grammar,London Grammar,2021/2021-06-12 - Essential Mix - London Grammar/2021-06-12 - Essential Mix - London Grammar.mp3,mp3
2021-06-19,2021,06,19,Jodie Harsh,Jodie Harsh,2021/2021-06-19 - Essential Mix - Jodie Harsh/2021-06-19 - Essential Mix - Jodie Harsh.mp3,mp3
2021-06-26,2021,06,26,Prospa,Prospa,2021/2021-06-26 - Essential Mix - Prospa/2021-06-26 - Essential Mix - Prospa.mp3,mp3
2021-07-03,2021,07,03,Folamour,Folamour,2021/2021-07-03 - Essential Mix - Folamour/2021-07-03 - Essential Mix - Folamour.mp3,mp3
2021-07-10,2021,07,10,India Jordan,India Jordan,2021/2021-07-10 - Essential Mix - India Jordan/2021-07-10 - Essential Mix - India Jordan.mp3,mp3
2021-07-17,2021,07,17,Eli _ Fur,Eli _ Fur,2021/2021-07-17 - Essential Mix - Eli _ Fur/2021-07-17 - Essential Mix - Eli _ Fur.mp3,mp3
2021-07-24,2021,07,24,Jax Jones,Jax Jones,2021/2021-07-24 - Essential Mix - Jax Jones/2021-07-24 - Essential Mix - Jax Jones.m4a,m4a
2021-07-31,2021,07,31,NuTone,NuTone,2021/2021-07-31 - Essential Mix - NuTone/2021-07-31 - Essential Mix - NuTone.m4a,m4a
2021-08-07,2021,08,07,Yousef _ Paul Woolford,Yousef _ Paul Woolford,2021/2021-08-07 - Essential Mix - Yousef _ Paul Woolford/2021-08-07 - Essential Mix - Yousef _ Paul Woolford.mp3,mp3
2021-08-08,2021,08,08,Carl Cox,Carl Cox,2021/2021-08-08 - Essential Mix - Carl Cox/2021-08-08 - Essential Mix - Carl Cox.mp3,mp3
2021-08-08,2021,08,08,Carl Cox,Carl Cox,2021/2021-08-08 - Essential Mix - Carl Cox/2021-08-08 - Essential Mix - Carl Cox.m4a,m4a
2021-08-14,2021,08,14,WhoMadeWho,WhoMadeWho,2021/2021-08-14 - Essential Mix - WhoMadeWho/2021-08-14 - Essential Mix - WhoMadeWho.mp3,mp3
2021-08-21,2021,08,21,VTSS,VTSS,2021/2021-08-21 - Essential Mix - VTSS/2021-08-21 - Essential Mix - VTSS.mp3,mp3
2021-08-28,2021,08,28,Boys Noize,Boys Noize,2021/2021-08-28 - Essential Mix - Boys Noize/2021-08-28 - Essential Mix - Boys Noize.mp3,mp3
2021-09-04,2021,09,04,Cormac,Cormac,2021/2021-09-04 - Essential Mix - Cormac/2021-09-04 - Essential Mix - Cormac.mp3,mp3
2021-09-11,2021,09,11,Eclair Fifi,Eclair Fifi,2021/2021-09-11 - Essential Mix - Eclair Fifi/2021-09-11 - Essential Mix - Eclair Fifi.mp3,mp3
2021-09-18,2021,09,18,Charlotte de Witte,Charlotte de Witte,2021/2021-09-18 - Essential Mix - Charlotte de Witte/2021-09-18 - Essential Mix - Charlotte de Witte.mp3,mp3
2021-09-25,2021,09,25,Ben UFO,Ben UFO,2021/2021-09-25 - Essential Mix - Ben UFO/2021-09-25 - Essential Mix - Ben UFO.mp3,mp3
2021-10-02,2021,10,02,Themba,Themba,2021/2021-10-02 - Essential Mix - Themba/2021-10-02 - Essential Mix - Themba.mp3,mp3
2021-10-09,2021,10,09,Ben Bohmer,Ben Bohmer,2021/2021-10-09 - Essential Mix - Ben Bohmer/2021-10-09 - Essential Mix - Ben Bohmer.m4a,m4a
2021-10-16,2021,10,16,Cinthie _ Luuk van Dijk,Cinthie _ Luuk van Dijk,2021/2021-10-16 - Essential Mix - Cinthie _ Luuk van Dijk/2021-10-16 - Essential Mix - Cinthie _ Luuk van Dijk.mp3,mp3
2021-10-23,2021,10,23,LSDXOXO,LSDXOXO,2021/2021-10-23 - Essential Mix - LSDXOXO/2021-10-23 - Essential Mix - LSDXOXO.mp3,mp3
2021-10-30,2021,10,30,Overmono,Overmono,2021/2021-10-30 - Essential Mix - Overmono/2021-10-30 - Essential Mix - Overmono.mp3,mp3
2021-11-06,2021,11,06,Ross From Friends,Ross From Friends,2021/2021-11-06 - Essential Mix - Ross From Friends/2021-11-06 - Essential Mix - Ross From Friends.mp3,mp3
2021-11-13,2021,11,13,Elkka,Elkka,2021/2021-11-13 - Essential Mix - Elkka/2021-11-13 - Essential Mix - Elkka.mp3,mp3
2021-11-20,2021,11,20,Sam Paganini,Sam Paganini,2021/2021-11-20 - Essential Mix - Sam Paganini/2021-11-20 - Essential Mix - Sam Paganini.mp3,mp3
2021-11-27,2021,11,27,Culture Shock,Culture Shock,2021/2021-11-27 - Essential Mix - Culture Shock/2021-11-27 - Essential Mix - Culture Shock.mp3,mp3
2021-12-04,2021,12,04,Saoirse,Saoirse,2021/2021-12-04 - Essential Mix - Saoirse/2021-12-04 - Essential Mix - Saoirse.mp3,mp3
2021-12-18,2021,12,18,Alan Fitzpatrick,Alan Fitzpatrick,2021/2021-12-18 - Essential Mix - Alan Fitzpatrick/2021-12-18 - Essential Mix - Alan Fitzpatrick.mp3,mp3
2022-01-08,2022,01,08,Innellea,Innellea,2022/2022-01-08 - Essential Mix - Innellea/2022-01-08 - Essential Mix - Innellea.m4a,m4a
2022-01-15,2022,01,15,Tim Reaper,Tim Reaper,2022/2022-01-15 - Essential Mix - Tim Reaper/2022-01-15 - Essential Mix - Tim Reaper.m4a,m4a
2022-01-22,2022,01,22,Stephan Bodzin,Stephan Bodzin,2022/2022-01-22 - Essential Mix - Stephan Bodzin/2022-01-22 - Essential Mix - Stephan Bodzin.m4a,m4a
2022-01-29,2022,01,29,DJ Minx,DJ Minx,2022/2022-01-29 - Essential Mix - DJ Minx/2022-01-29 - Essential Mix - DJ Minx.m4a,m4a
2022-02-05,2022,02,05,Kampire,Kampire,2022/2022-02-05 - Essential Mix - Kampire/2022-02-05 - Essential Mix - Kampire.m4a,m4a
2022-02-12,2022,02,12,Alok,Alok,2022/2022-02-12 - Essential Mix - Alok/2022-02-12 - Essential Mix - Alok.m4a,m4a
2022-02-19,2022,02,19,BURNS,BURNS,2022/2022-02-19 - Essential Mix - BURNS/2022-02-19 - Essential Mix - BURNS.m4a,m4a
2022-02-26,2022,02,26,Jennifer Cardini,Jennifer Cardini,2022/2022-02-26 - Essential Mix - Jennifer Cardini/2022-02-26 - Essential Mix - Jennifer Cardini.m4a,m4a
2022-03-05,2022,03,05,Soichi Terada,Soichi Terada,2022/2022-03-05 - Essential Mix - Soichi Terada/2022-03-05 - Essential Mix - Soichi Terada.m4a,m4a
2022-03-12,2022,03,12,SPFDJ,SPFDJ,2022/2022-03-12 - Essential Mix - SPFDJ/2022-03-12 - Essential Mix - SPFDJ.m4a,m4a
2022-03-19,2022,03,19,Diplo,Diplo,2022/2022-03-19 - Essential Mix - Diplo/2022-03-19 - Essential Mix - Diplo.m4a,m4a
2022-03-26,2022,03,26,HVOB,HVOB,2022/2022-03-26 - Essential Mix - HVOB/2022-03-26 - Essential Mix - HVOB.m4a,m4a
2022-04-02,2022,04,02,Job Jobse,Job Jobse,2022/2022-04-02 - Essential Mix - Job Jobse/2022-04-02 - Essential Mix - Job Jobse.m4a,m4a
2022-04-09,2022,04,09,Sofia Kourtesis,Sofia Kourtesis,2022/2022-04-09 - Essential Mix - Sofia Kourtesis/2022-04-09 - Essential Mix - Sofia Kourtesis.m4a,m4a
2022-04-16,2022,04,16,Frankey & Sandrino,Frankey & Sandrino,2022/2022-04-16 - Essential Mix - Frankey & Sandrino/2022-04-16 - Essential Mix - Frankey & Sandrino.m4a,m4a
2022-04-23,2022,04,23,Ben Sims,Ben Sims,2022/2022-04-23 - Essential Mix - Ben Sims/2022-04-23 - Essential Mix - Ben Sims.m4a,m4a
2022-04-30,2022,04,30,Jimi Jules,Jimi Jules,2022/2022-04-30 - Essential Mix - Jimi Jules/2022-04-30 - Essential Mix - Jimi Jules.m4a,m4a
2022-05-07,2022,05,07,Seth Troxler,Seth Troxler,2022/2022-05-07 - Essential Mix - Seth Troxler/2022-05-07 - Essential Mix - Seth Troxler.m4a,m4a
2022-05-14,2022,05,14,I Hate Models,I Hate Models,2022/2022-05-14 - Essential Mix - I Hate Models/2022-05-14 - Essential Mix - I Hate Models.m4a,m4a
2022-05-21,2022,05,21,Secretsundaze,Secretsundaze,2022/2022-05-21 - Essential Mix - Secretsundaze/2022-05-21 - Essential Mix - Secretsundaze.m4a,m4a
2022-05-28,2022,05,28,Lilly Palmer,Lilly Palmer,2022/2022-05-28 - Essential Mix - Lilly Palmer/2022-05-28 - Essential Mix - Lilly Palmer.m4a,m4a
2022-06-04,2022,06,04,Lil Silva,Lil Silva,2022/2022-06-04 - Essential Mix - Lil Silva/2022-06-04 - Essential Mix - Lil Silva.m4a,m4a
2022-06-11,2022,06,11,Dan Shake,Dan Shake,2022/2022-06-11 - Essential Mix - Dan Shake/2022-06-11 - Essential Mix - Dan Shake.m4a,m4a
2022-06-18,2022,06,18,Fideles,Fideles,2022/2022-06-18 - Essential Mix - Fideles/2022-06-18 - Essential Mix - Fideles.m4a,m4a
2022-07-02,2022,07,02,Bonobo,Bonobo,2022/2022-07-02 - Essential Mix - Bonobo & Absolute/2022-07-02 - Essential Mix - 01 - Bonobo.m4a,m4a
2022-07-02,2022,07,02,Absolute,Absolute,2022/2022-07-02 - Essential Mix - Bonobo & Absolute/2022-07-02 - Essential Mix - 02 - Absolute.m4a,m4a
2022-07-09,2022,07,09,KH,KH,2022/2022-07-09 - Essential Mix - KH/2022-07-09 - Essential Mix - KH.m4a,m4a
2022-07-16,2022,07,16,Hector Oaks,Hector Oaks,2022/2022-07-16 - Essential Mix - Hector Oaks/2022-07-16 - Essential Mix - Hector Oaks.m4a,m4a
2022-07-23,2022,07,23,Theo Kottis,Theo Kottis,2022/2022-07-23 - Essential Mix - Theo Kottis/2022-07-23 - Essential Mix - Theo Kottis.m4a,m4a
2022-07-30,2022,07,30,Vintage Culture,Vintage Culture,2022/2022-07-30 - Essential Mix - Vintage Culture/2022-07-30 - Essential Mix - Vintage Culture.m4a,m4a
2022-07-31,2022,07,31,Marco Faraone B2B Eats Everything,Marco Faraone B2B Eats Everything,2022/2022-07-31 - Essential Mix - Marco Faraone B2B Eats Everything/2022-07-31 - Essential Mix - Marco Faraone B2B Eats Everything.m4a,m4a
2022-08-06,2022,08,06,Swedish House Mafia,Swedish House Mafia,2022/2022-08-06 - Essential Mix - Swedish House Mafia/2022-08-06 - Essential Mix - Swedish House Mafia.m4a,m4a
2022-08-13,2022,08,13,Mall Grab,Mall Grab,2022/2022-08-13 - Essential Mix - Mall Grab/2022-08-13 - Essential Mix - Mall Grab.m4a,m4a
2022-08-20,2022,08,20,Bklava,Bklava,2022/2022-08-20 - Essential Mix - Bklava/2022-08-20 - Essential Mix - Bklava.m4a,m4a
2022-08-27,2022,08,27,Kings Of The Rollers,Kings Of The Rollers,2022/2022-08-27 - Essential Mix - Kings Of The Rollers/2022-08-27 - Essential Mix - Kings Of The Rollers.m4a,m4a
2022-09-03,2022,09,03,Anastasia Kristensen,Anastasia Kristensen,2022/2022-09-03 - Essential Mix - Anastasia Kristensen/2022-09-03 - Essential Mix - Anastasia Kristensen.m4a,m4a
2022-09-17,2022,09,17,LP Giobbi,LP Giobbi,2022/2022-09-17 - Essential Mix - LP Giobbi/2022-09-17 - Essential Mix - LP Giobbi.m4a,m4a
2022-09-24,2022,09,24,Chloe Robinson,Chloe Robinson,2022/2022-09-24 - Essential Mix - Chloe Robinson/2022-09-24 - Essential Mix - Chloe Robinson.m4a,m4a
2022-10-01,2022,10,01,Ben Hemsley,Ben Hemsley,2022/2022-10-01 - Essential Mix - Ben Hemsley/2022-10-01 - Essential Mix - Ben Hemsley.m4a,m4a
2022-10-08,2022,10,08,Dubfire,Dubfire,2022/2022-10-08 - Essential Mix - Dubfire/2022-10-08 - Essential Mix - Dubfire.m4a,m4a
2022-10-15,2022,10,15,Antal,Antal,2022/2022-10-15 - Essential Mix - Antal/2022-10-15 - Essential Mix - Antal.m4a,m4a
2022-10-22,2022,10,22,KETTAMA,KETTAMA,2022/2022-10-22 - Essential Mix - KETTAMA/2022-10-22 - Essential Mix - KETTAMA.m4a,m4a
2022-10-29,2022,10,29,East End Dubs,East End Dubs,2022/2022-10-29 - Essential Mix - East End Dubs/2022-10-29 - Essential Mix - East End Dubs.m4a,m4a
2022-11-05,2022,11,05,Bou,Bou,2022/2022-11-05 - Essential Mix - Bou/2022-11-05 - Essential Mix - Bou.m4a,m4a
2022-11-12,2022,11,12,Scratchclart,Scratchclart,2022/2022-11-12 - Essential Mix - Scratchclart/2022-11-12 - Essential Mix - Scratchclart.m4a,m4a
2022-11-19,2022,11,19,Honey Dijon,Honey Dijon,2022/2022-11-19 - Essential Mix - Honey Dijon/2022-11-19 - Essential Mix - Honey Dijon.m4a,m4a
2022-12-03,2022,12,03,Marcel Dettmann,Marcel Dettmann,2022/2022-12-03 - Essential Mix - Marcel Dettmann/2022-12-03 - Essential Mix - Marcel Dettmann.m4a,m4a
2022-12-10,2022,12,10,KH - EMOTY,KH - EMOTY,2022/2022-12-10 - Essential Mix - KH - EMOTY/2022-12-10 - Essential Mix - KH - EMOTY.m4a,m4a
2022-12-17,2022,12,17,Carl Cox,Carl Cox,2022/2022-12-17 - Essential Mix - Carl Cox/2022-12-17 - Essential Mix - Carl Cox.m4a,m4a
2022-12-24,2022,12,24,2manydjs,2manydjs,2022/2022-12-24 - Essential Mix - 2manydjs/2022-12-24 - Essential Mix - 2manydjs.m4a,m4a
2023-01-07,2023,01,07,Kai Campos,Kai Campos,2023/2023-01-07 - Essential Mix - Kai Campos/2023-01-07 - Essential Mix - Kai Campos.m4a,m4a
2023-01-14,2023,01,14,Indira Paganotto,Indira Paganotto,2023/2023-01-14 - Essential Mix - Indira Paganotto/2023-01-14 - Essential Mix - Indira Paganotto.m4a,m4a
2023-01-21,2023,01,21,Eli Escobar,Eli Escobar,2023/2023-01-21 - Essential Mix - Eli Escobar/2023-01-21 - Essential Mix - Eli Escobar.m4a,m4a
2023-01-28,2023,01,28,Conducta,Conducta,2023/2023-01-28 - Essential Mix - Conducta/2023-01-28 - Essential Mix - Conducta.m4a,m4a
2023-02-04,2023,02,04,Nia Archives,Nia Archives,2023/2023-02-04 - Essential Mix - Nia Archives/2023-02-04 - Essential Mix - Nia Archives.m4a,m4a
2023-02-11,2023,02,11,Kx5,Kx5,2023/2023-02-11 - Essential Mix - Kx5/2023-02-11 - Essential Mix - Kx5.m4a,m4a
2023-02-18,2023,02,18,DJ Paulette,DJ Paulette,2023/2023-02-18 - Essential Mix - DJ Paulette/2023-02-18 - Essential Mix - DJ Paulette.m4a,m4a
2023-02-25,2023,02,25,John Summit,John Summit,2023/2023-02-25 - Essential Mix - John Summit/2023-02-25 - Essential Mix - John Summit.m4a,m4a
2023-03-04,2023,03,04,lau.ra,lau.ra,2023/2023-03-04 - Essential Mix - lau.ra/2023-03-04 - Essential Mix - lau.ra.m4a,m4a
2023-03-11,2023,03,11,Shermanology,Shermanology,2023/2023-03-11 - Essential Mix - Shermanology/2023-03-11 - Essential Mix - Shermanology.m4a,m4a
2023-03-18,2023,03,18,Moderat,Moderat,2023/2023-03-18 - Essential Mix - Moderat/2023-03-18 - Essential Mix - Moderat.m4a,m4a
2023-03-25,2023,03,25,Major Lazer X Major League DJz,Major Lazer X Major League DJz,2023/2023-03-25 - Essential Mix - Major Lazer X Major League DJz/2023-03-25 - Essential Mix - Major Lazer X Major League DJz.m4a,m4a
2023-04-01,2023,04,01,Anfisa Letyago,Anfisa Letyago,2023/2023-04-01 - Essential Mix - Anfisa Letyago/2023-04-01 - Essential Mix - Anfisa Letyago.m4a,m4a
2023-04-08,2023,04,08,Ahadadream,Ahadadream,2023/2023-04-08 - Essential Mix - Ahadadream/2023-04-08 - Essential Mix - Ahadadream.m4a,m4a
2023-04-15,2023,04,15,Surgeon,Surgeon,2023/2023-04-15 - Essential Mix - Surgeon/2023-04-15 - Essential Mix - Surgeon.m4a,m4a
2023-04-22,2023,04,22,Jyoty,Jyoty,2023/2023-04-22 - Essential Mix - Jyoty/2023-04-22 - Essential Mix - Jyoty.m4a,m4a
2023-04-29,2023,04,29,Black Coffee,Black Coffee,2023/2023-04-29 - Essential Mix - Black Coffee/2023-04-29 - Essential Mix - Black Coffee.m4a,m4a
2023-05-06,2023,05,06,Damian Lazarus,Damian Lazarus,2023/2023-05-06 - Essential Mix - Damian Lazarus/2023-05-06 - Essential Mix - Damian Lazarus.m4a,m4a
2023-05-13,2023,05,13,Sub Focus,Sub Focus,2023/2023-05-13 - Essential Mix - Sub Focus/2023-05-13 - Essential Mix - Sub Focus.m4a,m4a
2023-05-20,2023,05,20,999999999,999999999,2023/2023-05-20 - Essential Mix - 999999999/2023-05-20 - Essential Mix - 999999999.m4a,m4a
2023-05-27,2023,05,27,ANNA,ANNA,2023/2023-05-27 - Essential Mix - ANNA/2023-05-27 - Essential Mix - ANNA.m4a,m4a
2023-06-03,2023,06,03,FJAAK,FJAAK,2023/2023-06-03 - Essential Mix - FJAAK/2023-06-03 - Essential Mix - FJAAK.m4a,m4a
2023-06-10,2023,06,10,GORDO,GORDO,2023/2023-06-10 - Essential Mix - GORDO/2023-06-10 - Essential Mix - GORDO.m4a,m4a
2023-06-17,2023,06,17,SBTRKT,SBTRKT,2023/2023-06-17 - Essential Mix - SBTRKT/2023-06-17 - Essential Mix - SBTRKT.m4a,m4a
2023-06-24,2023,06,24,Salute,Salute - Live at Glastonbury,2023/2023-06-24 - Essential Mix - Glastonbury/2023-06-24 - Essential Mix - 01 - Salute - Live at Glastonbury.m4a,m4a
2023-06-24,2023,06,24,Annie Mac,Annie Mac - Live at Glastonbury,2023/2023-06-24 - Essential Mix - Glastonbury/2023-06-24 - Essential Mix - 02 - Annie Mac - Live at Glastonbury.m4a,m4a
2023-06-24,2023,06,24,The Blessed Madonna,The Blessed Madonna - Live at Glastonbury,2023/2023-06-24 - Essential Mix - Glastonbury/2023-06-24 - Essential Mix - 03 - The Blessed Madonna - Live at Glastonbury.m4a,m4a
2023-07-01,2023,07,01,Young Marco,Young Marco,2023/2023-07-01 - Essential Mix - Young Marco/2023-07-01 - Essential Mix - Young Marco.m4a,m4a
2023-07-08,2023,07,08,Yaeji,Yaeji,2023/2023-07-08 - Essential Mix - Yaeji/2023-07-08 - Essential Mix - Yaeji.m4a,m4a
2023-07-15,2023,07,15,DJ Marky,DJ Marky,2023/2023-07-15 - Essential Mix - DJ Marky/2023-07-15 - Essential Mix - DJ Marky.m4a,m4a
2023-07-22,2023,07,22,Chippy Nonstop,Chippy Nonstop,2023/2023-07-22 - Essential Mix - Chippy Nonstop/2023-07-22 - Essential Mix - Chippy Nonstop.m4a,m4a
2023-07-29,2023,07,29,Chloe Caillet,Chloe Caillet,2023/2023-07-29 - Essential Mix - Chloe Caillet/2023-07-29 - Essential Mix - Chloe Caillet.m4a,m4a
2023-08-05,2023,08,05,Butch,Butch,2023/2023-08-05 - Essential Mix - Butch/2023-08-05 - Essential Mix - Butch.m4a,m4a
2023-08-12,2023,08,12,Hannah Laing,Hannah Laing,2023/2023-08-12 - Essential Mix - Hannah Laing/2023-08-12 - Essential Mix - Hannah Laing.m4a,m4a
2023-08-19,2023,08,19,DJ Bone,DJ Bone,2023/2023-08-19 - Essential Mix - DJ Bone/2023-08-19 - Essential Mix - DJ Bone.m4a,m4a
2023-08-26,2023,08,26,Rudimental,Rudimental,2023/2023-08-26 - Essential Mix - Rudimental/2023-08-26 - Essential Mix - Rudimental.m4a,m4a
2023-09-02,2023,09,02,Eats Everything,Eats Everything,2023/2023-09-02 - Essential Mix - Eats Everything/2023-09-02 - Essential Mix - Eats Everything.m4a,m4a
2023-09-09,2023,09,09,Mura Masa,Mura Masa,2023/2023-09-09 - Essential Mix - Mura Masa/2023-09-09 - Essential Mix - Mura Masa.m4a,m4a
2023-09-16,2023,09,16,CamelPhat,CamelPhat,2023/2023-09-16 - Essential Mix - CamelPhat/2023-09-16 - Essential Mix - CamelPhat.m4a,m4a
2023-09-23,2023,09,23,Massano,Massano,2023/2023-09-23 - Essential Mix - Massano/2023-09-23 - Essential Mix - Massano.m4a,m4a
2023-09-30,2023,09,30,Eliza Rose,Eliza Rose,2023/2023-09-30 - Essential Mix - Eliza Rose/2023-09-30 - Essential Mix - Eliza Rose.m4a,m4a
2023-10-07,2023,10,07,Dom Dolla,Dom Dolla,2023/2023-10-07 - Essential Mix - Dom Dolla/2023-10-07 - Essential Mix - Dom Dolla.m4a,m4a
2023-10-14,2023,10,14,Pangaea,Pangaea,2023/2023-10-14 - Essential Mix - Pangaea/2023-10-14 - Essential Mix - Pangaea.m4a,m4a
2023-10-21,2023,10,21,Barry Can't Swim,Barry Can't Swim,2023/2023-10-21 - Essential Mix - Barry Can't Swim/2023-10-21 - Essential Mix - Barry Can't Swim.m4a,m4a
2023-10-28,2023,10,28,DJ Nobu,DJ Nobu,2023/2023-10-28 - Essential Mix - DJ Nobu/2023-10-28 - Essential Mix - DJ Nobu.m4a,m4a
2023-11-04,2023,11,04,DJ Heartstring,DJ Heartstring,2023/2023-11-04 - Essential Mix - DJ Heartstring/2023-11-04 - Essential Mix - DJ Heartstring.m4a,m4a
2023-11-11,2023,11,11,ARTBAT,ARTBAT,2023/2023-11-11 - Essential Mix - ARTBAT/2023-11-11 - Essential Mix - ARTBAT.m4a,m4a
2023-11-18,2023,11,18,Reinier Zonneveld,Reinier Zonneveld,2023/2023-11-18 - Essential Mix - Reinier Zonneveld/2023-11-18 - Essential Mix - Reinier Zonneveld.m4a,m4a
2023-11-25,2023,11,25,Lauren Lo Sung,Lauren Lo Sung,2023/2023-11-25 - Essential Mix - Lauren Lo Sung/2023-11-25 - Essential Mix - Lauren Lo Sung.m4a,m4a
